5200050;"Abadia de Goiás";"Goiânia";"GO";"Centro-Oeste";146.78000;8958.00000;2897.70068;227500.08800;0.70800;3462.84760;10034295.86229;5332.00000;0.62200;0.83000
5200100;"Abadiânia";"Entorno de Brasília";"GO";"Centro-Oeste";1045.13000;20461.00000;6281.76302;316431.66100;0.68900;3248.82215;20408330.85796;8777.00000;0.57900;0.84100
5200134;"Acreúna";"Vale do Rio dos Bois";"GO";"Centro-Oeste";1566.00000;22546.00000;7454.56661;671478.48100;0.68600;3494.79588;26052188.71914;10319.00000;0.55300;0.82200
5200159;"Adelândia";"Anicuns";"GO";"Centro-Oeste";115.35000;2516.00000;894.37203;36543.70100;0.70200;2956.35096;2644077.61470;1515.00000;0.62200;0.83600
5200175;"Água Fria de Goiás";"Entorno de Brasília";"GO";"Centro-Oeste";2029.41000;5793.00000;1892.62772;255565.62000;0.67100;2609.37282;4938571.31620;3036.00000;0.55000;0.81700
5200209;"Água Limpa";"Meia Ponte";"GO";"Centro-Oeste";452.86000;1830.00000;696.13666;45369.13400;0.72200;2907.11956;2023752.50901;1367.00000;0.66300;0.82100
5200258;"Águas Lindas de Goiás";"Entorno de Brasília";"GO";"Centro-Oeste";188.38000;217698.00000;63025.23882;1884407.88800;0.68600;3081.67598;194223364.73142;50745.00000;0.58800;0.84800
5200308;"Alexânia";"Entorno de Brasília";"GO";"Centro-Oeste";847.89000;28010.00000;9091.41509;811322.76900;0.68200;2986.64936;27152869.07624;16629.00000;0.56800;0.84100
5200506;"Aloândia";"Meia Ponte";"GO";"Centro-Oeste";102.16000;1986.00000;808.15507;41840.87300;0.69700;2987.14065;2414072.86553;1041.00000;0.58500;0.83400
5200555;"Alto Horizonte";"Porangatu";"GO";"Centro-Oeste";503.76000;6605.00000;2222.46420;913009.78100;0.71900;3524.40204;7832857.36220;6581.00000;0.62400;0.84100
5200605;"Alto Paraíso de Goiás";"Chapada dos Veadeiros";"GO";"Centro-Oeste";2593.90000;7688.00000;2458.00645;167586.11500;0.71300;3313.49328;8144587.85301;4139.00000;0.61100;0.81900
5200803;"Alvorada do Norte";"Vão do Paranã";"GO";"Centro-Oeste";1259.36000;8705.00000;2707.38891;128606.34100;0.66000;2753.44880;7454656.73662;3410.00000;0.54800;0.81900
5200829;"Amaralina";"Porangatu";"GO";"Centro-Oeste";1343.17000;3845.00000;1274.41812;60092.53500;0.60900;1648.77275;2101225.85747;1319.00000;0.48900;0.81300
5200852;"Americano do Brasil";"Anicuns";"GO";"Centro-Oeste";133.56000;6164.00000;2243.95020;67555.00500;0.70000;2941.05142;6599572.92578;2524.00000;0.63100;0.81300
5200902;"Amorinópolis";"Iporá";"GO";"Centro-Oeste";408.53000;3069.00000;1140.88562;60751.25200;0.68100;2735.45244;3120838.36328;1305.00000;0.57900;0.81300
5201108;"Anápolis";"Anápolis";"GO";"Centro-Oeste";933.16000;391772.00000;127347.70013;14238732.23800;0.73700;4170.10823;531053691.95954;270505.00000;0.66000;0.82200
5201207;"Anhanguera";"Catalão";"GO";"Centro-Oeste";56.95000;1160.00000;415.25703;17879.60200;0.72500;3669.86705;1523938.09328;510.00000;0.65700;0.80200
5201306;"Anicuns";"Anicuns";"GO";"Centro-Oeste";979.23000;21981.00000;7733.07432;387017.37400;0.71400;3279.30522;25359110.96270;10951.00000;0.62700;0.83400
5201405;"Aparecida de Goiânia";"Goiânia";"GO";"Centro-Oeste";288.34000;590146.00000;184276.35312;13265874.71800;0.71800;3966.62083;730954420.52747;309664.00000;0.62000;0.83400
5201454;"Aparecida do Rio Doce";"Sudoeste de Goiás";"GO";"Centro-Oeste";602.13000;2474.00000;869.91006;74499.82500;0.69300;2674.76586;2326805.74015;1734.00000;0.58300;0.81400
5201504;"Aporé";"Sudoeste de Goiás";"GO";"Centro-Oeste";2900.16000;4232.00000;1465.10861;320053.40100;0.69300;3382.19322;4955280.41440;3183.00000;0.58400;0.82300
5201603;"Araçu";"Anápolis";"GO";"Centro-Oeste";148.94000;3486.00000;1242.55481;53428.92900;0.69300;2739.33184;3403769.94653;1836.00000;0.57800;0.83800
5201702;"Aragarças";"Aragarças";"GO";"Centro-Oeste";662.92000;20273.00000;6589.35326;244836.35700;0.73200;3522.70269;23212332.43953;7144.00000;0.68000;0.83000
5201801;"Aragoiânia";"Goiânia";"GO";"Centro-Oeste";219.55000;10496.00000;3525.21300;108335.41300;0.68400;3231.04800;11390132.40594;3861.00000;0.56000;0.83700
5202155;"Araguapaz";"Rio Vermelho";"GO";"Centro-Oeste";2193.70000;7783.00000;2776.47166;120573.70600;0.67400;2934.95158;8148809.88797;3131.00000;0.54000;0.81400
5202353;"Arenópolis";"Aragarças";"GO";"Centro-Oeste";1074.60000;2536.00000;968.82466;142408.81800;0.68700;2699.19566;2615047.33183;1514.00000;0.58200;0.82600
5202502;"Aruanã";"Rio Vermelho";"GO";"Centro-Oeste";3050.30000;10110.00000;3382.57297;221514.59900;0.67500;3507.46839;11864267.75139;4140.00000;0.52600;0.82600
5202601;"Aurilândia";"Anicuns";"GO";"Centro-Oeste";565.34000;3058.00000;1190.45465;56895.42300;0.70000;2455.23997;2922851.84910;1592.00000;0.62000;0.83600
5202809;"Avelinópolis";"Anicuns";"GO";"Centro-Oeste";173.64000;2409.00000;875.00569;44437.71000;0.66000;2574.58531;2252776.81134;1530.00000;0.50800;0.82800
5203104;"Baliza";"Aragarças";"GO";"Centro-Oeste";1782.60000;5280.00000;1882.10903;77704.33500;0.65500;1932.33553;3636866.13649;1448.00000;0.55800;0.81900
5203203;"Barro Alto";"Ceres";"GO";"Centro-Oeste";1093.25000;11408.00000;3432.80154;919264.57900;0.74200;3892.42364;13361917.87684;9175.00000;0.68200;0.85400
5203302;"Bela Vista de Goiás";"Goiânia";"GO";"Centro-Oeste";1255.42000;30492.00000;10517.28976;971073.46200;0.71600;3498.93023;36799263.04231;17354.00000;0.60700;0.83700
5203401;"Bom Jardim de Goiás";"Aragarças";"GO";"Centro-Oeste";1899.48000;8869.00000;3106.55031;168111.63200;0.67000;2775.02066;8620741.29906;3830.00000;0.54500;0.81100
5203500;"Bom Jesus de Goiás";"Meia Ponte";"GO";"Centro-Oeste";1405.12000;25648.00000;8451.82568;747000.87100;0.70100;3322.21689;28078798.06290;11294.00000;0.57300;0.86000
5203559;"Bonfinópolis";"Goiânia";"GO";"Centro-Oeste";122.29000;9919.00000;3244.75458;87077.48800;0.68300;3168.92651;10282388.81145;3361.00000;0.58000;0.81700
5203575;"Bonópolis";"Porangatu";"GO";"Centro-Oeste";1628.48000;4493.00000;1367.53456;95593.45800;0.63000;2466.98813;3373691.52435;2047.00000;0.48800;0.81300
5203609;"Brazabrantes";"Anápolis";"GO";"Centro-Oeste";123.07000;3746.00000;1308.32251;108910.41000;0.70100;3294.95571;4310864.73039;1565.00000;0.61500;0.82600
5203807;"Britânia";"Rio Vermelho";"GO";"Centro-Oeste";1461.19000;5797.00000;2028.72709;113053.15700;0.67200;2855.53395;5793099.06555;2860.00000;0.54600;0.80200
5203906;"Buriti Alegre";"Meia Ponte";"GO";"Centro-Oeste";895.46000;9484.00000;3444.51751;311200.88700;0.71000;3375.05195;11625425.53373;6886.00000;0.61400;0.83100
5203939;"Buriti de Goiás";"Anicuns";"GO";"Centro-Oeste";199.29000;2476.00000;947.47422;38073.30500;0.68700;3092.62214;2930179.73528;1593.00000;0.57000;0.80600
5203962;"Buritinópolis";"Vão do Paranã";"GO";"Centro-Oeste";247.05000;3283.00000;992.12915;75451.99800;0.70400;2486.76255;2467189.62095;1317.00000;0.59100;0.81300
5204003;"Cabeceiras";"Entorno de Brasília";"GO";"Centro-Oeste";1127.60000;8046.00000;2634.40984;219065.62100;0.66800;2603.46150;6858584.60160;3755.00000;0.57100;0.81900
5204102;"Cachoeira Alta";"Quirinópolis";"GO";"Centro-Oeste";1654.56000;12666.00000;4258.54568;236330.93300;0.71000;4044.74406;17224727.34290;6398.00000;0.56900;0.84000
5204201;"Cachoeira de Goiás";"Iporá";"GO";"Centro-Oeste";422.75000;1342.00000;488.09094;27358.68600;0.72700;2896.08924;1413554.92237;748.00000;0.67400;0.83800
5204250;"Cachoeira Dourada";"Meia Ponte";"GO";"Centro-Oeste";521.13000;8031.00000;2782.30880;893422.77400;0.69800;3463.21008;9635719.87547;6299.00000;0.60200;0.80400
5204300;"Caçu";"Quirinópolis";"GO";"Centro-Oeste";2251.01000;16270.00000;5506.28907;908793.03200;0.73000;4426.56380;24373939.84801;10403.00000;0.59900;0.84000
5204409;"Caiapônia";"Sudoeste de Goiás";"GO";"Centro-Oeste";8637.87000;19107.00000;6751.95833;672373.66000;0.69300;3018.23150;20378973.30924;8665.00000;0.58800;0.80800
5204508;"Caldas Novas";"Meia Ponte";"GO";"Centro-Oeste";1595.97000;93196.00000;31751.02533;2554677.19100;0.73300;4024.50338;127782108.72899;65988.00000;0.64000;0.83200
5204557;"Caldazinha";"Goiânia";"GO";"Centro-Oeste";250.89000;3848.00000;1329.29651;50661.71400;0.68500;2998.78762;3986277.93017;1215.00000;0.59100;0.81400
5204607;"Campestre de Goiás";"Vale do Rio dos Bois";"GO";"Centro-Oeste";273.82000;3649.00000;1200.38636;57885.72300;0.65300;2447.20735;2937594.32523;1578.00000;0.55600;0.79900
5204656;"Campinaçu";"Porangatu";"GO";"Centro-Oeste";1974.37000;3632.00000;1251.98095;61699.73800;0.63100;2284.72719;2860434.90758;1611.00000;0.47600;0.81900
5204706;"Campinorte";"Porangatu";"GO";"Centro-Oeste";1067.20000;12764.00000;4101.14180;226398.39600;0.68800;3257.52719;13359580.94195;4993.00000;0.56500;0.84100
5204805;"Campo Alegre de Goiás";"Catalão";"GO";"Centro-Oeste";2462.99000;7738.00000;2565.68607;412523.72800;0.69400;3625.01550;9300651.79077;4464.00000;0.58600;0.81100
5204854;"Campo Limpo de Goiás";"Anápolis";"GO";"Centro-Oeste";159.56000;7940.00000;2535.07504;101425.90400;0.66100;3091.17607;7836363.29559;3732.00000;0.53300;0.82900
5204904;"Campos Belos";"Chapada dos Veadeiros";"GO";"Centro-Oeste";724.07000;20007.00000;6072.39319;268750.03000;0.69200;2947.60076;17898990.75323;8649.00000;0.61600;0.81500
5204953;"Campos Verdes";"Porangatu";"GO";"Centro-Oeste";441.65000;1830.00000;633.21726;44744.44800;0.65400;2097.56753;1328215.95885;1273.00000;0.57700;0.79600
5205000;"Carmo do Rio Verde";"Ceres";"GO";"Centro-Oeste";418.54000;10186.00000;3579.10180;249647.76700;0.71300;2914.27309;10430480.07374;4735.00000;0.64900;0.82400
5205059;"Castelândia";"Sudoeste de Goiás";"GO";"Centro-Oeste";297.43000;3407.00000;1175.34726;101370.21100;0.70100;2858.09474;3359253.81640;1576.00000;0.57800;0.82300
5205109;"Catalão";"Catalão";"GO";"Centro-Oeste";3821.46000;110983.00000;37311.31751;6108291.66900;0.76600;4717.43830;176013838.39803;72805.00000;0.71500;0.81900
5205208;"Caturaí";"Anápolis";"GO";"Centro-Oeste";207.26000;5101.00000;1718.23713;68277.88800;0.66400;3104.23392;5333809.98631;2134.00000;0.54000;0.81500
5205307;"Cavalcante";"Chapada dos Veadeiros";"GO";"Centro-Oeste";6953.65000;9725.00000;2897.21972;253197.74900;0.58400;2108.06730;6107534.13507;3752.00000;0.41500;0.80800
5205406;"Ceres";"Ceres";"GO";"Centro-Oeste";214.32000;22306.00000;7679.09884;549501.40800;0.77500;4051.61603;31112759.97573;16343.00000;0.73300;0.84200
5205455;"Cezarina";"Vale do Rio dos Bois";"GO";"Centro-Oeste";415.81000;8703.00000;2871.25200;287096.21200;0.71100;3308.01962;9498157.97639;4938.00000;0.65200;0.80700
5205471;"Chapadão do Céu";"Sudoeste de Goiás";"GO";"Centro-Oeste";2185.13000;10486.00000;3275.15748;1106080.14000;0.74200;4895.50409;16033546.82908;10431.00000;0.65200;0.83700
5205497;"Cidade Ocidental";"Entorno de Brasília";"GO";"Centro-Oeste";389.92000;72890.00000;21571.91494;795632.75300;0.71700;3743.37935;80751860.85463;20875.00000;0.64100;0.81400
5205513;"Cocalzinho de Goiás";"Entorno de Brasília";"GO";"Centro-Oeste";1789.04000;20504.00000;6478.60047;326069.95500;0.65700;2732.50208;17702789.23550;7365.00000;0.53100;0.82600
5205521;"Colinas do Sul";"Chapada dos Veadeiros";"GO";"Centro-Oeste";1708.19000;3360.00000;1080.55678;45304.20700;0.65800;2515.92313;2718597.79700;1275.00000;0.54900;0.82000
5205703;"Córrego do Ouro";"Iporá";"GO";"Centro-Oeste";462.30000;2290.00000;864.12721;45768.39000;0.68600;3188.17607;2754989.67418;1242.00000;0.57800;0.80300
5205802;"Corumbá de Goiás";"Entorno de Brasília";"GO";"Centro-Oeste";1061.95000;11169.00000;3598.76699;174495.54900;0.68000;2809.53199;10110850.99320;4763.00000;0.57100;0.82900
5205901;"Corumbaíba";"Catalão";"GO";"Centro-Oeste";1883.67000;9869.00000;3369.04072;588941.81700;0.69800;3357.62179;11311964.53575;7369.00000;0.58200;0.83100
5206206;"Cristalina";"Entorno de Brasília";"GO";"Centro-Oeste";6162.06000;60210.00000;18021.74094;2327741.20200;0.69900;3559.77513;64153345.12122;34620.00000;0.58700;0.81400
5206305;"Cristianópolis";"Pires do Rio";"GO";"Centro-Oeste";225.36000;2964.00000;1098.93773;73396.83900;0.68800;2964.64423;3257959.40779;1695.00000;0.55400;0.83800
5206404;"Crixás";"São Miguel do Araguaia";"GO";"Centro-Oeste";4661.16000;17044.00000;5695.42046;521765.50600;0.70800;3161.74814;18007485.03429;11587.00000;0.62500;0.80500
5206503;"Cromínia";"Meia Ponte";"GO";"Centro-Oeste";364.11000;3472.00000;1280.75636;70266.14800;0.70600;2805.51843;3593185.58069;2034.00000;0.63400;0.80300
5206602;"Cumari";"Catalão";"GO";"Centro-Oeste";570.54000;2837.00000;1033.50509;60561.49500;0.73700;3413.97685;3528362.44825;1361.00000;0.65700;0.81900
5206701;"Damianópolis";"Vão do Paranã";"GO";"Centro-Oeste";415.35000;3306.00000;1093.79178;33750.68900;0.65400;2041.52747;2233005.95302;1173.00000;0.55800;0.81500
5206800;"Damolândia";"Anápolis";"GO";"Centro-Oeste";84.50000;2953.00000;1073.26720;39743.35700;0.69700;2892.80541;3104753.17231;1260.00000;0.60000;0.81900
5206909;"Davinópolis";"Catalão";"GO";"Centro-Oeste";481.30000;2094.00000;812.84200;388543.92500;0.71600;3382.55676;2749484.19916;1305.00000;0.60600;0.86200
5207105;"Diorama";"Aragarças";"GO";"Centro-Oeste";687.35000;2479.00000;893.02763;55101.42800;0.72900;2922.34678;2609736.43038;1048.00000;0.69600;0.84100
5208301;"Divinópolis de Goiás";"Vão do Paranã";"GO";"Centro-Oeste";830.98000;4778.00000;1587.22175;63466.59500;0.65300;2143.92225;3402880.01875;1872.00000;0.55000;0.81300
5207253;"Doverlândia";"Sudoeste de Goiás";"GO";"Centro-Oeste";3222.94000;7247.00000;2498.44564;237058.51700;0.66800;3088.00577;7715214.55368;3406.00000;0.51800;0.84000
5207352;"Edealina";"Vale do Rio dos Bois";"GO";"Centro-Oeste";603.65000;3688.00000;1403.78683;252407.90700;0.70200;3276.00877;4598817.95711;2414.00000;0.59400;0.80800
5207402;"Edéia";"Vale do Rio dos Bois";"GO";"Centro-Oeste";1461.50000;12467.00000;4374.29381;836398.71700;0.73900;4004.96702;17518902.43897;7848.00000;0.64800;0.82600
5207501;"Estrela do Norte";"Porangatu";"GO";"Centro-Oeste";301.64000;3264.00000;1107.71224;52167.17300;0.70700;3417.56775;3785681.62799;1468.00000;0.59300;0.84800
5207535;"Faina";"Rio Vermelho";"GO";"Centro-Oeste";1945.66000;6576.00000;2310.72473;107641.11000;0.65000;2526.27123;5837517.40557;3038.00000;0.53400;0.79900
5207600;"Fazenda Nova";"Iporá";"GO";"Centro-Oeste";1281.42000;5553.00000;2052.63785;101624.51300;0.68500;2730.76407;5605269.69509;2631.00000;0.57600;0.83100
5207808;"Firminópolis";"Anicuns";"GO";"Centro-Oeste";423.65000;13449.00000;4749.61747;175546.27900;0.73200;3163.36398;15024768.82202;5714.00000;0.68800;0.83800
5207907;"Flores de Goiás";"Vão do Paranã";"GO";"Centro-Oeste";3709.42000;17005.00000;4634.36949;143538.64600;0.59700;1636.75631;7585333.49760;4712.00000;0.45700;0.79900
5208004;"Formosa";"Entorno de Brasília";"GO";"Centro-Oeste";5811.78000;123684.00000;38709.59943;2333468.66800;0.74400;3835.63257;148475800.16264;53303.00000;0.66600;0.85200
5208103;"Formoso";"Porangatu";"GO";"Centro-Oeste";844.29000;4172.00000;1483.20790;65677.33100;0.71500;2938.26997;4358065.23309;1890.00000;0.63900;0.83400
5208152;"Gameleira de Goiás";"Pires do Rio";"GO";"Centro-Oeste";591.99000;3880.00000;1308.90315;153332.82300;0.65900;3031.78924;3968318.49655;1755.00000;0.49900;0.82800
5208400;"Goianápolis";"Goiânia";"GO";"Centro-Oeste";162.44000;11224.00000;3536.39301;209905.83900;0.70300;3179.96495;11245605.83195;5691.00000;0.62000;0.82500
5208509;"Goiandira";"Catalão";"GO";"Centro-Oeste";564.69000;5625.00000;1967.25199;130024.99700;0.76000;3811.07427;7497343.44600;2580.00000;0.72700;0.84900
5208608;"Goianésia";"Ceres";"GO";"Centro-Oeste";1547.27000;71075.00000;22488.02286;1388941.85900;0.72700;3974.53330;89379395.70154;42825.00000;0.63600;0.84000
5208707;"Goiânia";"Goiânia";"GO";"Centro-Oeste";732.80000;1536097.00000;520284.60771;49364257.87700;0.79900;5760.30027;2996995564.63970;1442806.00000;0.73900;0.83800
5208806;"Goianira";"Goiânia";"GO";"Centro-Oeste";209.04000;45296.00000;14294.53528;938970.40100;0.69400;3401.43862;48621984.36593;17738.00000;0.59600;0.83100
5208905;"Goiás";"Rio Vermelho";"GO";"Centro-Oeste";3108.02000;22381.00000;7940.42126;461454.14900;0.70900;3493.46767;27739604.98294;12987.00000;0.62100;0.80500
5209101;"Goiatuba";"Meia Ponte";"GO";"Centro-Oeste";2475.11000;34202.00000;11958.97810;1544144.59100;0.72500;3735.90630;44677621.57369;26331.00000;0.62700;0.82500
5209150;"Gouvelândia";"Quirinópolis";"GO";"Centro-Oeste";824.26000;5988.00000;2159.75993;179358.96000;0.67400;3032.70868;6549922.69493;2427.00000;0.55900;0.80600
5209200;"Guapó";"Goiânia";"GO";"Centro-Oeste";516.84000;14207.00000;4774.37043;204153.87500;0.69700;3209.91739;15325334.65259;5932.00000;0.58000;0.82600
5209291;"Guaraíta";"Ceres";"GO";"Centro-Oeste";205.31000;1951.00000;729.86336;33140.08700;0.68700;2410.97121;1759679.54391;1038.00000;0.62500;0.81600
5209408;"Guarani de Goiás";"Vão do Paranã";"GO";"Centro-Oeste";1229.15000;3846.00000;1172.23622;53235.00800;0.63700;1903.79535;2231697.85719;1637.00000;0.55700;0.81400
5209457;"Guarinos";"Ceres";"GO";"Centro-Oeste";595.87000;1737.00000;637.67663;58751.30700;0.65200;1891.56625;1206207.59588;964.00000;0.56300;0.81500
5209606;"Heitoraí";"Anápolis";"GO";"Centro-Oeste";229.64000;3733.00000;1310.88242;56442.01600;0.69400;2434.89807;3191865.08540;1652.00000;0.62000;0.81400
5209705;"Hidrolândia";"Goiânia";"GO";"Centro-Oeste";943.90000;22124.00000;7206.34777;1145750.93200;0.70600;3899.96535;28104506.60331;15684.00000;0.60300;0.82700
5209804;"Hidrolina";"Ceres";"GO";"Centro-Oeste";580.39000;3508.00000;1255.34036;55913.19900;0.67700;2731.47106;3428925.87794;1344.00000;0.57700;0.82400
5209903;"Iaciara";"Vão do Paranã";"GO";"Centro-Oeste";1550.37000;14082.00000;4021.82791;161470.23900;0.64400;2486.62751;10000787.93836;5215.00000;0.52700;0.82600
5209937;"Inaciolândia";"Meia Ponte";"GO";"Centro-Oeste";688.40000;6235.00000;2118.39482;209806.48200;0.69200;3248.00696;6880561.11018;2883.00000;0.59100;0.82200
5209952;"Indiara";"Vale do Rio dos Bois";"GO";"Centro-Oeste";956.47000;15787.00000;5175.49528;318488.02900;0.70100;3466.72535;17942020.66112;8111.00000;0.59300;0.83700
5210000;"Inhumas";"Anápolis";"GO";"Centro-Oeste";613.23000;53259.00000;17623.79393;1136229.48800;0.72000;3707.77379;65345041.28335;31298.00000;0.61800;0.84200
5210109;"Ipameri";"Catalão";"GO";"Centro-Oeste";4368.99000;27174.00000;9324.89025;1486439.56600;0.70100;3471.63123;32372580.23402;16484.00000;0.58800;0.82300
5210158;"Ipiranga de Goiás";"Ceres";"GO";"Centro-Oeste";241.29000;2893.00000;1078.21081;53404.52900;0.69600;2438.93223;2629683.09898;1221.00000;0.64200;0.81600
5210208;"Iporá";"Iporá";"GO";"Centro-Oeste";1026.38000;31499.00000;11636.14130;658207.28400;0.74300;3519.40942;40952345.33785;17309.00000;0.66700;0.84000
5210307;"Israelândia";"Iporá";"GO";"Centro-Oeste";577.48000;2786.00000;1020.85349;48569.25800;0.71100;2855.13596;2914675.49408;1288.00000;0.65200;0.83100
5210406;"Itaberaí";"Anápolis";"GO";"Centro-Oeste";1457.28000;43622.00000;14407.53990;1288948.06900;0.71900;3572.93153;51477153.58037;30205.00000;0.61000;0.82800
5210562;"Itaguari";"Anápolis";"GO";"Centro-Oeste";146.64000;4685.00000;1710.08432;70411.06900;0.69300;3104.26760;5308559.34011;2311.00000;0.59600;0.81700
5210604;"Itaguaru";"Anápolis";"GO";"Centro-Oeste";239.68000;5206.00000;1868.00300;77053.29000;0.71800;3069.38752;5733625.09573;2355.00000;0.64800;0.82800
5210802;"Itajá";"Quirinópolis";"GO";"Centro-Oeste";2091.40000;4475.00000;1565.10642;99163.70400;0.69100;3291.30635;5151244.70941;2483.00000;0.57000;0.83500
5210901;"Itapaci";"Ceres";"GO";"Centro-Oeste";956.13000;23421.00000;7838.03117;342750.81600;0.72500;3497.91992;27416805.31771;10843.00000;0.62600;0.84400
5211008;"Itapirapuã";"Rio Vermelho";"GO";"Centro-Oeste";2043.71000;4685.00000;1729.23873;143055.45200;0.67700;2845.27069;4920152.25561;3548.00000;0.56800;0.81600
5211206;"Itapuranga";"Ceres";"GO";"Centro-Oeste";1276.48000;25681.00000;9368.18193;422456.22000;0.72600;3102.31484;29063049.82557;12653.00000;0.65300;0.83700
5211305;"Itarumã";"Quirinópolis";"GO";"Centro-Oeste";3433.63000;7259.00000;2472.64444;245224.47900;0.69300;3991.52436;9869620.53335;3546.00000;0.50300;0.86100
5211404;"Itauçu";"Anápolis";"GO";"Centro-Oeste";383.84000;8960.00000;3154.73977;142457.59500;0.71800;3287.08309;10369891.72888;4473.00000;0.63800;0.83300
5211503;"Itumbiara";"Meia Ponte";"GO";"Centro-Oeste";2462.93000;105809.00000;36502.95542;4187512.27700;0.75200;4086.40227;149165759.97821;80473.00000;0.68200;0.83800
5211602;"Ivolândia";"Iporá";"GO";"Centro-Oeste";1257.66000;2334.00000;900.65206;84886.42700;0.70400;2735.92199;2464113.79005;1294.00000;0.62200;0.82500
5211701;"Jandaia";"Vale do Rio dos Bois";"GO";"Centro-Oeste";864.11000;6025.00000;2279.09843;245069.15000;0.70700;3164.36315;7211895.07207;4861.00000;0.62500;0.82100
5211800;"Jaraguá";"Anápolis";"GO";"Centro-Oeste";1849.55000;51338.00000;16625.32854;705087.50600;0.69900;3381.98138;56226551.46877;20968.00000;0.58800;0.84100
5211909;"Jataí";"Sudoeste de Goiás";"GO";"Centro-Oeste";7174.23000;102065.00000;33467.52273;4599881.38700;0.75700;4488.40958;150215949.63469;65535.00000;0.65600;0.85600
5212006;"Jaupaci";"Iporá";"GO";"Centro-Oeste";527.10000;2860.00000;1044.29984;49282.57600;0.68900;2707.34583;2827280.81005;1450.00000;0.60200;0.82400
5212055;"Jesúpolis";"Anápolis";"GO";"Centro-Oeste";122.48000;2506.00000;843.42849;29114.35500;0.64900;2710.36612;2286000.01440;1030.00000;0.52200;0.81400
5212105;"Joviânia";"Meia Ponte";"GO";"Centro-Oeste";445.49000;7402.00000;2612.39421;210209.57800;0.70600;3529.30866;9219945.50201;3205.00000;0.59500;0.82700
5212204;"Jussara";"Rio Vermelho";"GO";"Centro-Oeste";4084.11000;18371.00000;6429.24910;445322.23700;0.74300;3401.74418;21870660.69934;10623.00000;0.63500;0.84200
5212253;"Lagoa Santa";"Quirinópolis";"GO";"Centro-Oeste";458.87000;1621.00000;582.58642;39391.54000;0.74000;3456.49330;2013706.06075;958.00000;0.63800;0.86800
5212303;"Leopoldo de Bulhões";"Goiânia";"GO";"Centro-Oeste";480.89000;7651.00000;2576.26190;225523.27200;0.65900;2958.58180;7622081.57465;5450.00000;0.52900;0.81200
5212501;"Luziânia";"Entorno de Brasília";"GO";"Centro-Oeste";3961.12000;211508.00000;63020.86791;3578084.58000;0.70100;3572.01791;225111668.99834;76814.00000;0.60200;0.83100
5212600;"Mairipotaba";"Meia Ponte";"GO";"Centro-Oeste";467.43000;2363.00000;880.58238;50284.20000;0.74500;2943.71450;2592183.12799;1192.00000;0.64800;0.85400
5212709;"Mambaí";"Vão do Paranã";"GO";"Centro-Oeste";880.62000;9081.00000;2641.80261;81436.82000;0.62600;2306.84543;6094230.25834;3037.00000;0.49400;0.81600
5212808;"Mara Rosa";"Porangatu";"GO";"Centro-Oeste";1687.90000;9363.00000;3189.34881;192491.97000;0.69100;3072.32434;9798713.97266;4224.00000;0.57900;0.83800
5212907;"Marzagão";"Meia Ponte";"GO";"Centro-Oeste";222.43000;2250.00000;803.21190;41951.19000;0.69900;3218.18281;2584882.73315;1121.00000;0.60100;0.82200
5212956;"Matrinchã";"Rio Vermelho";"GO";"Centro-Oeste";1150.89000;4336.00000;1526.98351;98059.00800;0.67900;2647.31893;4042412.33979;2248.00000;0.57200;0.84000
5213004;"Maurilândia";"Sudoeste de Goiás";"GO";"Centro-Oeste";389.76000;14327.00000;4610.77193;226101.98800;0.67700;3511.15558;16189137.57230;5129.00000;0.55400;0.82300
5213053;"Mimoso de Goiás";"Entorno de Brasília";"GO";"Centro-Oeste";1386.91000;2583.00000;870.14243;57223.55600;0.66500;2492.40924;2168751.03483;1363.00000;0.54300;0.82500
5213087;"Minaçu";"Porangatu";"GO";"Centro-Oeste";2860.73000;28793.00000;9399.92319;1034924.68400;0.70700;2983.95319;28048930.73333;12190.00000;0.63700;0.80300
5213103;"Mineiros";"Sudoeste de Goiás";"GO";"Centro-Oeste";9060.10000;68154.00000;21401.15050;2567590.54800;0.71800;4245.27690;90853809.94674;44007.00000;0.58400;0.84000
5213400;"Moiporá";"Iporá";"GO";"Centro-Oeste";460.62000;1501.00000;564.90657;34914.79700;0.69600;2602.41295;1470120.17905;1043.00000;0.63200;0.81800
5213509;"Monte Alegre de Goiás";"Chapada dos Veadeiros";"GO";"Centro-Oeste";3119.80000;8684.00000;2550.29456;82243.42300;0.61500;2043.46941;5211448.90878;3082.00000;0.48100;0.81600
5213707;"Montes Claros de Goiás";"Aragarças";"GO";"Centro-Oeste";2899.18000;8047.00000;2881.04794;293741.29100;0.70700;3229.17002;9303393.65036;5001.00000;0.62200;0.80600
5213756;"Montividiu";"Sudoeste de Goiás";"GO";"Centro-Oeste";1874.15000;13672.00000;4433.36601;780259.14600;0.73300;4160.02960;18442933.83353;7247.00000;0.64400;0.82700
5213772;"Montividiu do Norte";"Porangatu";"GO";"Centro-Oeste";1332.99000;4509.00000;1412.81086;69768.72500;0.61300;1841.77975;2602086.44194;1836.00000;0.48800;0.81600
5213806;"Morrinhos";"Meia Ponte";"GO";"Centro-Oeste";2846.20000;46548.00000;16673.25268;1370454.98600;0.73400;3802.30736;63396831.32084;29178.00000;0.62100;0.86200
5213855;"Morro Agudo de Goiás";"Ceres";"GO";"Centro-Oeste";282.62000;2232.00000;817.36408;38965.22300;0.69500;2578.09676;2107243.68016;1966.00000;0.63000;0.82600
5213905;"Mossâmedes";"Anicuns";"GO";"Centro-Oeste";684.45000;4206.00000;1538.88909;78295.00100;0.70600;2907.06792;4473655.10469;2791.00000;0.62300;0.81100
5214002;"Mozarlândia";"São Miguel do Araguaia";"GO";"Centro-Oeste";1734.36000;15870.00000;5312.55064;528865.18300;0.68300;3379.88973;17955835.32352;10851.00000;0.56500;0.82500
5214051;"Mundo Novo";"São Miguel do Araguaia";"GO";"Centro-Oeste";2146.65000;4713.00000;1654.23061;96767.61300;0.63400;2563.79104;4241101.61336;2686.00000;0.48800;0.81200
5214101;"Mutunópolis";"Porangatu";"GO";"Centro-Oeste";955.87000;3764.00000;1337.50535;61205.39000;0.68000;2574.04333;3442796.73155;1491.00000;0.58400;0.80600
5214408;"Nazário";"Anicuns";"GO";"Centro-Oeste";269.10000;9260.00000;3333.46844;177123.79200;0.71000;3234.05501;10780620.28539;4918.00000;0.63100;0.80800
5214507;"Nerópolis";"Goiânia";"GO";"Centro-Oeste";204.22000;30395.00000;9667.48921;729808.91500;0.72100;3453.12911;33383088.37966;19556.00000;0.67100;0.82000
5214606;"Niquelândia";"Porangatu";"GO";"Centro-Oeste";9843.24000;46730.00000;14935.79966;1106850.11700;0.71500;3398.12108;50753655.74782;21666.00000;0.64000;0.80600
5214705;"Nova América";"Ceres";"GO";"Centro-Oeste";212.03000;2357.00000;843.59925;37488.95100;0.67800;2772.77416;2339110.21484;960.00000;0.60400;0.79600
5214804;"Nova Aurora";"Catalão";"GO";"Centro-Oeste";302.66000;2222.00000;824.04419;49202.34100;0.74700;3347.46326;2758457.64656;961.00000;0.69700;0.84900
5214838;"Nova Crixás";"São Miguel do Araguaia";"GO";"Centro-Oeste";7298.78000;12945.00000;4454.47293;356302.68300;0.64300;2918.91400;13002223.38491;7431.00000;0.48500;0.81300
5214861;"Nova Glória";"Ceres";"GO";"Centro-Oeste";412.95000;8112.00000;2950.27664;117706.06600;0.68100;2502.64209;7383486.49381;3656.00000;0.58900;0.81600
5214879;"Nova Iguaçu de Goiás";"Porangatu";"GO";"Centro-Oeste";628.44000;2934.00000;1008.39055;41120.58200;0.65500;2678.69008;2701165.75114;1031.00000;0.54000;0.81200
5214903;"Nova Roma";"Chapada dos Veadeiros";"GO";"Centro-Oeste";2135.96000;3236.00000;1095.17475;45009.83000;0.63400;2000.42155;2190811.16725;1471.00000;0.52900;0.81200
5215009;"Nova Veneza";"Anápolis";"GO";"Centro-Oeste";123.38000;10018.00000;3182.07374;182680.47300;0.71800;3380.60822;10757344.65218;4379.00000;0.66000;0.83700
5215207;"Novo Brasil";"Iporá";"GO";"Centro-Oeste";649.95000;2843.00000;1122.67215;56094.14000;0.69900;3046.84667;3420609.90744;1747.00000;0.59800;0.82800
5215231;"Novo Gama";"Entorno de Brasília";"GO";"Centro-Oeste";194.15000;117703.00000;34263.49431;955266.12200;0.68400;3308.67287;113366693.97420;30291.00000;0.56700;0.85100
5215256;"Novo Planalto";"São Miguel do Araguaia";"GO";"Centro-Oeste";1242.73000;4544.00000;1605.75015;103728.87700;0.65800;2099.83307;3371807.26150;1940.00000;0.55000;0.83100
5215306;"Orizona";"Pires do Rio";"GO";"Centro-Oeste";1972.88000;15725.00000;5583.50739;518707.80500;0.71500;3620.01481;20212379.47995;7914.00000;0.61200;0.82700
5215405;"Ouro Verde de Goiás";"Anápolis";"GO";"Centro-Oeste";208.77000;3723.00000;1284.41126;109647.86800;0.71900;2967.80787;3811885.84440;1681.00000;0.67400;0.82100
5215504;"Ouvidor";"Catalão";"GO";"Centro-Oeste";413.78000;6782.00000;2355.43559;761881.41600;0.74700;3927.06490;9249948.41192;6621.00000;0.69700;0.83000
5215603;"Padre Bernardo";"Entorno de Brasília";"GO";"Centro-Oeste";3138.86000;34430.00000;10439.20364;506796.01400;0.65100;2939.26443;30683579.90992;13050.00000;0.51500;0.80100
5215652;"Palestina de Goiás";"Sudoeste de Goiás";"GO";"Centro-Oeste";1320.69000;3467.00000;1195.28484;91803.78000;0.71300;2835.29951;3388990.52711;1615.00000;0.66000;0.83700
5215702;"Palmeiras de Goiás";"Vale do Rio dos Bois";"GO";"Centro-Oeste";1539.69000;29392.00000;10156.31425;1006155.54400;0.69800;3409.72163;34630204.33681;19693.00000;0.59800;0.81500
5215801;"Palmelo";"Pires do Rio";"GO";"Centro-Oeste";58.96000;2381.00000;834.02622;39098.32900;0.73000;3240.81564;2702925.23175;1260.00000;0.65900;0.80400
5215900;"Palminópolis";"Vale do Rio dos Bois";"GO";"Centro-Oeste";387.69000;3582.00000;1339.50097;143637.41700;0.72200;3159.36022;4231966.08519;2092.00000;0.63000;0.83300
5216007;"Panamá";"Meia Ponte";"GO";"Centro-Oeste";433.76000;2603.00000;992.27626;87364.33300;0.68600;3097.00931;3073088.82600;1343.00000;0.57400;0.81800
5216304;"Paranaiguara";"Quirinópolis";"GO";"Centro-Oeste";1153.83000;10140.00000;3564.18178;185182.53800;0.71100;3568.99475;12720546.06979;4542.00000;0.61300;0.83600
5216403;"Paraúna";"Vale do Rio dos Bois";"GO";"Centro-Oeste";3779.38000;10980.00000;3702.32485;900916.75400;0.67200;3253.95303;12047191.17707;8112.00000;0.54700;0.80700
5216452;"Perolândia";"Sudoeste de Goiás";"GO";"Centro-Oeste";1029.63000;3143.00000;1032.59308;334525.33500;0.67600;3331.55577;3440141.43925;3586.00000;0.53800;0.83200
5216809;"Petrolina de Goiás";"Anápolis";"GO";"Centro-Oeste";531.30000;10261.00000;3415.60165;147982.60600;0.71200;3279.26382;11200658.92112;4453.00000;0.64300;0.83400
5216908;"Pilar de Goiás";"Ceres";"GO";"Centro-Oeste";906.65000;2194.00000;743.70838;200517.07800;0.68400;2377.48055;1768152.21468;1855.00000;0.60000;0.81600
5217104;"Piracanjuba";"Meia Ponte";"GO";"Centro-Oeste";2405.12000;24548.00000;9018.77328;793762.36700;0.72100;3647.44706;32895498.04522;12798.00000;0.59900;0.87000
5217203;"Piranhas";"Aragarças";"GO";"Centro-Oeste";2047.77000;10272.00000;3819.10805;378442.51200;0.72100;3088.50308;11795326.99033;5223.00000;0.63100;0.84800
5217302;"Pirenópolis";"Entorno de Brasília";"GO";"Centro-Oeste";2205.01000;25064.00000;8257.26110;448361.51600;0.69300;3136.18320;25896283.57899;13383.00000;0.60400;0.81300
5217401;"Pires do Rio";"Pires do Rio";"GO";"Centro-Oeste";1073.36000;31686.00000;10765.64336;896330.24200;0.74400;3826.78507;41197803.29417;21019.00000;0.65000;0.88000
5217609;"Planaltina";"Entorno de Brasília";"GO";"Centro-Oeste";2538.20000;90640.00000;26451.86265;1085976.57400;0.66900;3236.48830;85611144.07025;28772.00000;0.56600;0.81000
5217708;"Pontalina";"Meia Ponte";"GO";"Centro-Oeste";1436.95000;17860.00000;6597.19607;488891.78300;0.68700;3115.79640;20555519.79978;9462.00000;0.54700;0.83500
5218003;"Porangatu";"Porangatu";"GO";"Centro-Oeste";4820.51000;45633.00000;15120.01863;939661.31900;0.72700;3197.27963;48342927.54346;22782.00000;0.64200;0.84500
5218052;"Porteirão";"Meia Ponte";"GO";"Centro-Oeste";603.94000;3931.00000;1308.60844;191428.15600;0.68400;3974.40708;5200942.65076;2738.00000;0.54100;0.82700
5218102;"Portelândia";"Sudoeste de Goiás";"GO";"Centro-Oeste";556.58000;4022.00000;1350.93221;215876.71000;0.65400;3320.46262;4485719.90802;2549.00000;0.51300;0.80300
5218300;"Posse";"Vão do Paranã";"GO";"Centro-Oeste";2024.53000;37414.00000;11165.95774;507960.92800;0.65900;2971.03008;33174396.30914;15753.00000;0.53000;0.81900
5218391;"Professor Jamil";"Meia Ponte";"GO";"Centro-Oeste";347.47000;3203.00000;1128.63742;58984.42300;0.68400;2979.27029;3362515.93472;1556.00000;0.57900;0.82100
5218508;"Quirinópolis";"Quirinópolis";"GO";"Centro-Oeste";3786.70000;50701.00000;17350.30983;1685283.54800;0.74000;3973.82115;68947028.13648;35681.00000;0.64200;0.86300
5218607;"Rialma";"Ceres";"GO";"Centro-Oeste";268.47000;10940.00000;3640.99620;220384.08000;0.72700;3533.47489;12865368.63343;6084.00000;0.66700;0.82700
5218706;"Rianápolis";"Ceres";"GO";"Centro-Oeste";159.26000;4817.00000;1594.77808;94132.19600;0.69300;3260.97360;5200529.20581;2144.00000;0.58700;0.84000
5218789;"Rio Quente";"Meia Ponte";"GO";"Centro-Oeste";255.96000;4612.00000;1571.87267;326340.07700;0.73100;3498.96014;5499919.82804;8004.00000;0.62900;0.87800
5218805;"Rio Verde";"Sudoeste de Goiás";"GO";"Centro-Oeste";8379.66000;241518.00000;79245.42818;9602904.67500;0.75400;4316.18588;342037998.25153;159503.00000;0.65600;0.85300
5218904;"Rubiataba";"Ceres";"GO";"Centro-Oeste";748.26000;19947.00000;6982.82041;432333.11200;0.71900;3240.02720;22624528.09101;12915.00000;0.66600;0.81400
5219001;"Sanclerlândia";"Anicuns";"GO";"Centro-Oeste";496.83000;7632.00000;2815.74813;135865.93600;0.73600;3247.17253;9143219.96780;4897.00000;0.66200;0.83200
5219100;"Santa Bárbara de Goiás";"Anicuns";"GO";"Centro-Oeste";139.60000;6634.00000;2235.98529;93755.44900;0.70600;3162.95278;7072315.88461;3271.00000;0.63500;0.83200
5219209;"Santa Cruz de Goiás";"Pires do Rio";"GO";"Centro-Oeste";1108.96000;2819.00000;1037.09798;131515.06900;0.68800;3268.14233;3389383.80204;1453.00000;0.56300;0.82700
5219258;"Santa Fé de Goiás";"Rio Vermelho";"GO";"Centro-Oeste";1169.17000;5523.00000;1891.19261;293932.16100;0.71300;3265.95291;6176546.01951;3769.00000;0.60800;0.84700
5219308;"Santa Helena de Goiás";"Sudoeste de Goiás";"GO";"Centro-Oeste";1141.33000;38808.00000;13178.79930;1098558.97800;0.72400;3705.85615;48838734.40377;20390.00000;0.62700;0.82300
5219357;"Santa Isabel";"Ceres";"GO";"Centro-Oeste";807.20000;3815.00000;1386.42177;73624.80200;0.68300;2772.99720;3844543.66716;1832.00000;0.59300;0.81800
5219407;"Santa Rita do Araguaia";"Sudoeste de Goiás";"GO";"Centro-Oeste";1361.77000;8935.00000;3042.54541;126207.74400;0.71400;3588.74077;10918906.76996;3151.00000;0.61600;0.84200
5219456;"Santa Rita do Novo Destino";"Ceres";"GO";"Centro-Oeste";956.04000;3355.00000;1065.59141;84371.50500;0.63400;2629.76684;2802256.95982;1843.00000;0.48700;0.82000
5219506;"Santa Rosa de Goiás";"Anápolis";"GO";"Centro-Oeste";164.10000;2252.00000;804.40569;41141.04600;0.70100;2587.53685;2081429.37874;1253.00000;0.63500;0.84400
5219605;"Santa Tereza de Goiás";"Porangatu";"GO";"Centro-Oeste";794.56000;3280.00000;1181.17014;60546.41100;0.66500;2122.43467;2506956.44898;1638.00000;0.56100;0.82500
5219704;"Santa Terezinha de Goiás";"Porangatu";"GO";"Centro-Oeste";1202.24000;8562.00000;2863.00350;129761.91900;0.70100;2582.66712;7394184.99975;3856.00000;0.64400;0.82600
5219712;"Santo Antônio da Barra";"Sudoeste de Goiás";"GO";"Centro-Oeste";451.60000;4854.00000;1641.81083;226857.57800;0.69100;2877.46196;4724248.21203;3430.00000;0.59300;0.83500
5219738;"Santo Antônio de Goiás";"Goiânia";"GO";"Centro-Oeste";132.81000;6440.00000;2010.00028;131521.00600;0.72300;3659.20443;7355001.94739;4610.00000;0.66200;0.83200
5219753;"Santo Antônio do Descoberto";"Entorno de Brasília";"GO";"Centro-Oeste";944.05000;75829.00000;22378.89063;672227.98900;0.66500;3030.92229;67828678.48580;23821.00000;0.55600;0.81800
5219803;"São Domingos";"Vão do Paranã";"GO";"Centro-Oeste";3295.73000;13103.00000;3995.91565;160523.17000;0.59700;1811.70268;7239411.07869;3368.00000;0.44500;0.83000
5219902;"São Francisco de Goiás";"Anápolis";"GO";"Centro-Oeste";415.79000;6267.00000;2157.99669;102540.88900;0.65100;2799.72396;6041795.03343;2884.00000;0.50900;0.82500
5220009;"São João d'Aliança";"Chapada dos Veadeiros";"GO";"Centro-Oeste";3327.37000;14085.00000;4034.22651;293002.12700;0.68500;2972.49025;11991698.94895;4742.00000;0.60900;0.81200
5220058;"São João da Paraúna";"Vale do Rio dos Bois";"GO";"Centro-Oeste";287.83000;1345.00000;506.77316;52295.32900;0.72400;3013.84718;1527336.84742;865.00000;0.66400;0.81800
5220108;"São Luís de Montes Belos";"Anicuns";"GO";"Centro-Oeste";826.00000;34157.00000;12415.24822;845308.41100;0.73100;3697.35294;45903554.50603;19940.00000;0.67000;0.80900
5220157;"São Luíz do Norte";"Ceres";"GO";"Centro-Oeste";586.06000;5215.00000;1768.74923;121404.90900;0.66900;2753.55507;4870348.39806;2096.00000;0.58100;0.80100
5220207;"São Miguel do Araguaia";"São Miguel do Araguaia";"GO";"Centro-Oeste";6144.40000;21920.00000;7454.76328;485064.94500;0.66400;2839.86077;21170489.82015;10881.00000;0.53600;0.81800
5220264;"São Miguel do Passa Quatro";"Pires do Rio";"GO";"Centro-Oeste";537.79000;4082.00000;1403.27757;145837.74000;0.69700;3230.14309;4532787.33740;2485.00000;0.61900;0.80200
5220280;"São Patrício";"Ceres";"GO";"Centro-Oeste";171.96000;2037.00000;748.21932;35139.07600;0.69300;2803.25208;2097447.36924;2989.00000;0.59700;0.83300
5220405;"São Simão";"Quirinópolis";"GO";"Centro-Oeste";414.01000;20985.00000;7079.77982;773971.59600;0.72000;4026.71301;28508241.50097;10418.00000;0.59900;0.82500
5220454;"Senador Canedo";"Goiânia";"GO";"Centro-Oeste";245.28000;118451.00000;35502.34227;3739802.47100;0.70100;3522.39251;125053184.55305;53147.00000;0.61700;0.82700
5220504;"Serranópolis";"Sudoeste de Goiás";"GO";"Centro-Oeste";5526.73000;8642.00000;2920.10961;409245.71900;0.68100;3657.07468;10679058.91729;6041.00000;0.55100;0.80400
5220603;"Silvânia";"Pires do Rio";"GO";"Centro-Oeste";2345.94000;20816.00000;7010.14382;737273.62200;0.70900;3675.69163;25767126.95874;11438.00000;0.60600;0.81400
5220686;"Simolândia";"Vão do Paranã";"GO";"Centro-Oeste";347.98000;6879.00000;2009.52550;103470.22100;0.64500;2317.06478;4656200.77003;2714.00000;0.54600;0.82600
5220702;"Sítio d´Abadia";"Vão do Paranã";"GO";"Centro-Oeste";1598.34000;3001.00000;922.06599;48445.31800;0.61700;1901.50774;1753315.61326;1062.00000;0.49700;0.80200
5221007;"Taquaral de Goiás";"Anápolis";"GO";"Centro-Oeste";204.22000;3521.00000;1327.82610;63921.82100;0.71600;3254.43468;4321323.29978;2097.00000;0.61900;0.84600
5221080;"Teresina de Goiás";"Chapada dos Veadeiros";"GO";"Centro-Oeste";774.64000;3498.00000;982.50695;32458.76600;0.66100;2728.50732;2680777.39662;1193.00000;0.56400;0.81700
5221197;"Terezópolis de Goiás";"Goiânia";"GO";"Centro-Oeste";106.91000;8186.00000;2569.44889;199994.96900;0.68500;3034.68457;7797466.89623;3489.00000;0.61500;0.79900
5221304;"Três Ranchos";"Catalão";"GO";"Centro-Oeste";282.07000;2830.00000;988.67713;49513.62200;0.74500;3674.76171;3633152.84238;1498.00000;0.67200;0.84900
5221403;"Trindade";"Goiânia";"GO";"Centro-Oeste";710.71000;129823.00000;41393.26443;2151414.94800;0.69900;3405.82379;140978164.65341;57137.00000;0.60800;0.82200
5221452;"Trombas";"Porangatu";"GO";"Centro-Oeste";799.12000;3498.00000;1226.30399;51743.75100;0.65300;2197.44773;2694738.90763;1442.00000;0.54700;0.81200
5221502;"Turvânia";"Anicuns";"GO";"Centro-Oeste";480.78000;4564.00000;1695.37753;85079.48900;0.69700;2827.89599;4794351.32739;2409.00000;0.60900;0.82000
5221551;"Turvelândia";"Vale do Rio dos Bois";"GO";"Centro-Oeste";933.96000;5365.00000;1754.57187;351441.16200;0.69100;3193.21410;5602723.64904;5628.00000;0.60500;0.81300
5221577;"Uirapuru";"São Miguel do Araguaia";"GO";"Centro-Oeste";1153.47000;2840.00000;1004.11578;43692.41400;0.67000;2439.69004;2449731.27641;1283.00000;0.57900;0.82200
5221601;"Uruaçu";"Porangatu";"GO";"Centro-Oeste";2141.82000;40840.00000;13510.33798;845362.00700;0.73700;3599.15463;48625795.46553;21052.00000;0.62800;0.86000
5221700;"Uruana";"Ceres";"GO";"Centro-Oeste";522.51000;13818.00000;4947.38816;211856.43500;0.70300;2731.80323;13515290.93526;5158.00000;0.63400;0.82400
5221809;"Urutaí";"Pires do Rio";"GO";"Centro-Oeste";626.72000;3066.00000;1072.79832;87332.74900;0.73200;3395.09934;3642256.87085;1844.00000;0.66600;0.84100
5221858;"Valparaíso de Goiás";"Entorno de Brasília";"GO";"Centro-Oeste";60.53000;172135.00000;53213.12793;2559584.52100;0.74600;4195.04920;223231689.87118;61489.00000;0.69500;0.81500
5221908;"Varjão";"Vale do Rio dos Bois";"GO";"Centro-Oeste";519.19000;3838.00000;1384.28088;66147.04300;0.68700;3249.38271;4498058.34733;1156.00000;0.57200;0.81300
5222005;"Vianópolis";"Pires do Rio";"GO";"Centro-Oeste";954.28000;13977.00000;4636.64113;440221.99100;0.71200;3765.12893;17457551.65848;7485.00000;0.62200;0.81800
5222054;"Vicentinópolis";"Meia Ponte";"GO";"Centro-Oeste";737.26000;8873.00000;2951.23006;322359.32800;0.68400;3485.82185;10287462.21950;6012.00000;0.56200;0.80400
5222203;"Vila Boa";"Entorno de Brasília";"GO";"Centro-Oeste";1060.17000;6312.00000;1951.17315;103408.13600;0.64700;2534.96573;4946157.06454;2807.00000;0.53400;0.81800
5222302;"Vila Propício";"Entorno de Brasília";"GO";"Centro-Oeste";2181.58000;5882.00000;1767.57959;163782.37800;0.63400;2426.93938;4289808.50199;3069.00000;0.50500;0.80200
